geo,name,1991,1992,1993,1994,1995,1996,1997,1998,1999,2000,2001,2002,2003,2004,2005,2006,2007,2008,2009,2010,2011,2012,2013,2014,2015,2016,2017,2018,2019,2020,2021,2022,2023,2024,2025,2026
afg,Afghanistan,14.075,14.013,13.93,13.806,13.656,13.484,13.307,13.127,12.96,12.82,12.728,12.691,12.7,12.741,12.83,12.958,13.168,13.402,13.694,13.983,14.265,14.534,15.361,16.239,16.893,17.569,18.262,16.879,15.458,13.709,12.181,3.779,3.785,3.795,3.803,3.78
ago,Angola,61.311,61.185,60.818,60.803,61.136,61.723,61.812,61.658,61.488,61.43,61.433,61.625,61.633,61.745,61.769,61.903,61.949,61.886,61.712,61.553,60.793,60.953,60.998,61.053,60.974,60.897,60.857,60.855,60.908,60.647,62.907,62.395,62.481,62.475,62.476,62.507
alb,Albania,47.922,39.407,40.973,42.593,44.253,44.308,43.575,40.983,40.014,40.605,40.005,40.12,40.034,39.858,39.489,39.153,38.524,39.262,38.745,39.412,45.334,43.305,37.917,37.138,39.049,42.659,43.507,45.296,46.94,44.72,45.828,47.649,47.687,47.879,48.076,48.268
are,UAE,29.329,29.712,30.249,30.37,30.51,31.08,31.524,31.976,32.473,33.014,33.278,33.565,33.851,34.209,34.548,35.732,36.917,38.146,39.149,40.276,41.466,42.672,43.853,44.976,46.155,47.287,47.41,48.359,51.352,54.854,47.214,49.121,51.177,51.698,52.262,52.754
arg,Argentina,42.062,42.99,41.572,41.895,37.721,39.964,41.78,44.129,43.081,42.284,41.193,38.862,40.308,42.058,42.423,43.556,43.772,43.379,43.973,43.292,43.861,43.807,43.588,43.437,43.363,43.193,43.145,43.955,44.641,40.724,45.309,47.884,49.36,48.47,48.651,48.863
arm,Armenia,57.435,57.182,53.884,52.726,51.365,48.389,46.76,48.351,47.342,47.622,47.791,47.871,47.939,48.019,48.149,48.366,48.712,43.924,43.892,43.48,44.305,45.232,45.252,44.971,45.153,46.173,46.238,44.678,46.732,47.893,49.408,49.65,49.664,49.213,48.574,47.925
aus,Australia,47.269,46.83,46.591,47.735,49.322,49.421,49.325,49.78,50.148,51.303,51.6,51.938,52.661,52.682,54.067,54.745,55.349,55.917,55.611,55.519,55.803,55.698,55.443,55.079,55.559,55.948,56.483,57.303,57.846,56.383,58.202,60.026,60.146,59.862,59.592,59.454
aut,Austria,42.1,43.352,43.593,46.204,46.331,45.753,45.711,46.098,46.667,46.742,46.845,47.856,48.053,46.96,47.868,48.63,49.584,50.518,50.794,51.138,51.439,51.818,51.797,51.79,51.881,52.252,52.531,52.804,53.058,52.455,51.806,53.016,53.007,52.678,52.379,52.18
aze,Azerbaijan,65.877,66.828,66.854,67.532,68.228,67.632,66.63,65.431,64.435,63.048,62.205,61.691,60.451,59.059,58.391,57.28,53.295,53.295,54.292,55.719,55.64,55.655,55.863,56.753,57.538,58.404,58.548,59.036,58.844,58.982,55.527,57.471,56.992,56.447,55.845,55.247
bdi,Burundi,87.84,87.35,86.722,86.043,85.471,84.718,83.856,82.972,82.221,81.405,80.546,79.64,78.698,77.651,76.525,75.241,76.321,77.327,77.871,78.358,78.718,79.03,79.31,79.532,79.931,80.202,80.329,80.345,80.187,77.791,79.632,79.701,79.484,79.223,78.992,78.796
bel,Belgium,33.873,35.073,35.189,35.062,35.488,35.496,36.246,36.68,38.74,40.006,38.895,39.192,39.452,40.643,41.344,41.552,42.655,43.363,43.172,43.706,43.721,43.661,43.899,44.304,44.313,44.196,44.591,46.057,46.672,46.056,46.486,47.4,47.315,47.261,47.195,47.12
ben,Benin,56.742,56.752,57.464,58.204,58.995,59.781,60.604,61.429,62.292,63.178,64.098,65.04,65.438,65.841,66.236,66.651,67.075,67.517,67.924,68.307,67.589,68.363,69.181,69.941,70.57,71.184,71.856,72.614,73.33,72.599,73.585,73.163,73.099,73.149,73.201,73.237
bfa,Burkina Faso,77.302,76.294,75.335,74.176,73.125,72.067,70.939,69.727,68.386,66.998,65.627,64.192,62.855,60.94,59.125,57.922,57.743,57.265,56.8,56.483,56.126,55.833,55.462,55.12,53.088,51.109,49.165,47.241,45.266,42.759,41.074,38.957,38.912,38.737,38.553,38.328
bgd,Bangladesh,23.93,24.345,24.793,25.283,25.808,26.352,26.778,27.126,27.419,27.662,27.73,27.691,27.626,27.37,27.143,27.371,28.768,30.173,31.592,34.17,33.14,32.131,31.128,31.097,31.077,31.073,34.245,35.709,37.076,37.85,39.879,41.552,41.63,41.823,41.952,42.249
bgr,Bulgaria,43.881,41.757,40.564,41.696,41.93,40.748,39.698,39.966,38.491,37.313,37.864,38.178,38.947,40.399,40.256,42.396,44.564,46.103,44.88,43.225,42.43,42.759,42.786,43.355,44.624,44.133,46.655,46.887,48.277,46.957,46.561,48.595,48.891,48.862,48.829,48.779
bhr,Bahrain,27.924,28.692,29.409,29.911,30.503,31.039,31.773,32.523,33.305,34.16,34.906,35.505,36.12,36.822,37.563,38.333,39.202,40.131,41.086,41.985,40.899,41.105,41.277,41.487,41.734,41.845,41.763,41.583,41.102,39.351,39.67,40.877,41.449,41.392,41.343,41.284
bhs,Bahamas,56.949,54.884,57.107,55.981,58.532,56.767,58.983,60.266,61.103,62.105,62.945,61.271,59.546,59.92,60.015,62.205,61.458,61.004,57.308,56.803,56.314,57.365,55.535,56.674,57.777,56.702,58.941,60.131,60.258,55.293,57.571,60.365,61.256,61.087,60.806,60.508
bih,Bosnia and Herzegovina,33.795,33.004,32.003,31.055,30.444,30.207,30.026,29.667,29.293,28.989,28.583,28.189,27.715,27.37,26.956,26.616,27.428,29.914,30.125,28.313,28.186,27.705,28.205,27.222,27.334,27.549,30.088,31.052,31.463,31.126,31.473,32.6,34.479,34.345,34.224,34.128
blr,Belarus,52.738,51.592,49.298,47.592,45.719,42.908,45.607,46.899,47.624,48.528,49.364,50.066,50.676,51.219,51.74,52.318,52.901,53.598,54.306,54.773,55.207,55.573,55.827,56.02,56.149,56.266,56.201,55.989,56.387,55.947,56.221,56.186,55.794,55.406,54.965,54.477
blz,Belize,28.304,29.09,29.413,28.89,29.21,30.106,30.471,30.798,31.242,32.72,34.077,34.632,34.764,34.926,35.031,36.394,37.703,38.415,38.805,39.219,39.665,40.157,40.638,40.722,42.9,43.61,43.883,46.643,49.313,43.095,40.885,42.22,42.939,43.847,43.953,44.007
bol,Bolivia,54.816,54.835,55.336,55.963,56.777,57.477,58.241,58.014,57.717,57.439,57.137,56.96,56.753,56.603,56.443,56.29,56.098,55.942,55.687,55.843,55.991,55.792,55.555,55.513,54.883,54.617,56.714,61.263,63.598,59.199,67.033,68.722,69.439,69.909,70.504,71.005
bra,Brazil,40.523,41.451,43.243,43.86,44.48,42.563,42.776,42.706,43.342,44.473,45.663,47.091,46.954,48.21,48.903,49.311,49.249,49.729,49.389,48.735,47.928,47.984,48.08,48.325,47.824,46.239,46.262,46.712,47.37,42.158,43.852,47.661,48.045,48.085,47.93,47.701
brb,Barbados,45.673,45.239,44.43,44.694,48.865,52.288,51.658,52.775,54.864,56.362,56.265,56.125,56.008,57.948,57.706,58.331,59.228,58.556,58.163,57.675,56.187,55.172,56.679,55.229,56.194,57.121,57.014,56.353,57.087,55.462,55.773,55.348,55.995,55.805,55.52,55.187
brn,Brunei,43.279,44.284,45.22,46.129,46.991,47.841,48.609,49.365,50.167,50.991,51.771,51.893,51.989,52.044,52.07,52.133,52.172,52.214,52.274,52.497,52.758,52.897,52.887,52.832,52.427,52.03,51.71,51.886,50.7,49.698,51.257,50.505,50.346,50.065,49.744,49.408
btn,Bhutan,54.133,54.371,54.674,55.042,55.467,55.952,56.479,57.069,57.563,57.868,58.291,59.277,60.301,60.732,61.548,61.815,61.661,61.836,61.956,60.74,59.263,61.674,55.99,51.972,53.177,52.943,52.682,52.412,58.613,59.151,60.858,48.194,54.216,54.287,54.245,54.105
bwa,Botswana,40.666,39.673,38.759,37.823,37.526,37.231,37.404,37.45,39.236,40.954,38.991,38.273,37.658,39.255,40.831,42.539,43.474,44.358,44.914,41.809,42.474,43.243,43.644,43.936,44.116,44.3,44.548,45.019,45.268,43.695,43.484,44.315,46.257,46.738,47.127,47.433
caf,Central African Republic,62.024,61.896,61.834,61.79,61.795,61.785,61.809,61.833,61.859,61.926,61.821,61.8,61.789,61.85,61.861,61.902,61.913,61.935,61.957,61.952,61.915,61.874,61.828,61.729,61.614,61.631,61.655,61.697,61.659,60.73,60.632,61.438,61.509,61.431,61.374,61.328
can,Canada,52.225,51.374,50.924,51.288,51.631,51.497,51.996,53.069,53.957,54.741,54.935,55.874,56.796,57.093,57.05,57.469,58.193,58.329,57.458,57.317,57.221,57.44,57.685,57.224,57.125,57.059,57.453,57.595,58.029,53.725,56.185,57.913,57.919,57.204,56.949,56.852
che,Switzerland,50.429,50.629,50.46,49.739,50.106,54.544,54.687,55.644,56.072,55.799,56.762,57.519,56.827,56.315,56.328,56.946,57.253,58.895,58.865,56.902,57.705,58.018,58.2,58.898,59.297,59.784,59.533,59.788,60.107,59.504,59.066,58.801,59.627,59.334,59.085,58.773
chl,Chile,29.975,31.374,32.296,32.381,33.994,33.078,33.893,34.315,33.102,32.993,32.342,32.143,33.25,34.105,35.199,36.43,37.634,38.816,38.623,42.107,44.487,45.092,46.005,46.615,46.669,46.967,47.702,47.94,48.32,40.375,42.126,45.617,47.099,47.03,47.005,47.065
chn,China,71.099,70.609,69.914,69.286,68.723,68.143,67.566,67.044,66.519,65.988,65.272,64.616,64.017,63.666,63.242,62.885,62.519,61.97,61.483,61.17,61.141,60.803,60.487,60.274,60.046,59.821,59.508,59.23,58.822,57.306,58.762,57.303,57.516,57.194,56.898,56.614
civ,Cote d'Ivoire,44.756,44.771,45.234,45.694,46.206,46.282,46.36,46.339,47.14,47.897,48.674,49.467,50.243,51.144,52.026,52.965,53.766,54.635,55.444,56.343,56.971,57.85,58.211,57.877,57.356,56.805,55.293,54.881,54.48,54.902,56.538,57.444,57.375,57.314,57.267,57.228
cmr,Cameroon,72.19,72.153,72.105,72.267,72.437,72.758,72.805,72.833,72.819,72.781,72.753,73.18,73.638,74.105,74.474,74.918,75.355,72.741,69.956,67.025,66.343,65.671,64.987,64.294,62.965,61.606,60.219,58.844,57.49,55.478,54.525,54.757,54.76,54.226,53.776,53.402
cod,"Congo, Dem. Rep.",69.897,69.835,69.796,69.921,70.006,69.877,69.678,69.604,69.592,69.575,69.563,69.586,69.626,69.653,69.664,68.367,67.048,65.712,64.343,62.973,61.586,60.206,60.213,60.224,60.216,60.195,60.181,60.162,60.147,57.749,59.712,60.073,60.054,60.01,59.972,59.922
cog,"Congo, Rep.",52.051,52.081,52.077,51.939,51.987,52.118,52.204,52.195,52.091,52.391,52.507,52.66,52.547,52.604,52.735,52.948,52.781,52.749,52.858,53.223,53.087,52.975,52.664,52.681,52.423,52.219,51.942,51.889,52.128,50.012,50.588,52.077,52.265,52.357,52.464,52.555
col,Colombia,45.723,45.977,47.261,46.916,47.759,45.762,45.846,44.113,40.556,39.965,42.999,42.839,44.513,43.378,43.727,43.162,42.552,42.907,45.355,46.58,47.618,48.773,48.701,48.785,49.112,48.443,47.956,46.836,45.516,40.618,42.289,44.18,45.697,45.532,45.546,45.546
com,Comoros,30.633,30.703,30.628,30.59,30.535,30.501,30.593,30.62,30.709,30.825,30.884,30.926,30.921,31.026,31.044,31.058,31.059,31.078,31.095,31.131,31.149,31.169,31.195,31.203,32.322,33.458,34.659,35.899,37.101,37.614,38.901,39.337,39.322,39.617,39.946,40.21
cpv,Cape Verde,35.525,35.789,36.086,36.465,36.755,37.054,37.291,37.586,37.905,38.257,38.512,38.81,39.09,39.533,39.946,40.399,40.884,41.351,41.76,45.753,45.681,45.653,45.592,45.512,45.453,45.423,45.393,43.008,44.609,41.585,42.455,44.646,44.683,44.665,44.632,44.583
cri,Costa Rica,30.968,30.872,31.853,32.736,33.261,31.268,34.403,36.47,36.781,36.086,38.39,37.9,38.052,36.46,39.393,39.548,41.261,41.657,40.394,40.103,40.961,45.875,46.268,45.959,44.884,41.352,41.447,43.107,45.314,38.339,40.176,42.673,39.587,39.799,39.586,39.419
cub,Cuba,32.15,30.631,28.828,29.086,29.583,30.581,31.355,32.147,32.67,33.77,35.048,35.594,36.358,37.289,38.259,39.318,40.115,40.464,41.62,40.796,40.745,41.011,41.341,41.653,42.291,42.427,42.654,42.52,42.184,39.446,39.572,39.64,39.206,38.881,38.522,38.109
cyp,Cyprus,41.353,42.88,42.733,43.602,44.393,44.787,45.351,46.123,45.138,45.605,48.799,50.088,51.252,50.239,49.869,51.314,53.138,53.627,53.452,54.073,53.066,50.741,48.563,49.975,50.301,50.47,52.227,54.32,55.214,54.433,54.755,56.451,58.619,58.811,58.736,58.586
cze,Czech Republic,51.202,50.725,49.505,49.873,49.85,49.472,48.862,47.677,46.674,46.181,46.209,46.352,45.804,45.544,45.693,46.063,46.399,46.462,45.616,45.066,45.566,45.935,46.671,47.045,48.075,49.317,50.245,51.082,51.056,49.943,49.789,50.746,51.617,51.525,51.428,51.189
deu,Germany,44.776,43.874,43.042,43.026,43.224,43.262,43.236,43.471,44.524,44.948,45.508,45.508,45.345,44.728,45.147,46.441,47.63,47.982,48.683,49.065,50.644,50.874,51.491,51.946,52.152,52.768,53.309,53.609,54.191,53.191,53.291,54.04,54.264,53.913,53.61,53.257
dji,Djibouti,10.191,10.149,10.014,9.957,9.948,10.016,10.094,10.223,10.361,10.436,10.507,10.562,10.607,10.62,10.637,10.697,10.779,10.87,10.906,10.961,11.041,11.138,11.217,11.295,11.411,11.531,11.621,11.705,11.799,11.187,11.377,11.843,11.963,12.044,12.101,12.132
dnk,Denmark,55.289,55.517,54.234,52.701,52.899,53.415,54.824,55.556,56.607,57.044,57.011,57.705,56.503,57.33,57.42,58.517,58.294,57.606,56.38,54.982,54.237,53.741,53.254,53.02,53.126,53.997,54.244,54.567,55,54.391,55.224,56.875,56.658,56.235,56.104,55.972
dom,Dominican Republic,30.773,31.702,32.439,32.609,32.924,33.34,34.137,34.693,35.178,35.474,34.027,35.963,35.246,35.248,35.928,36.99,37.222,38.751,35.866,38.734,40.011,41.036,40.334,40.963,42.911,43.582,45.029,45.707,47.498,43.129,44.703,46.108,48.051,48.463,48.803,49.304
dza,Algeria,9.66,9.192,8.85,8.569,8.065,8.419,8.678,8.585,8.488,8.448,8.781,8.989,9.318,10.396,10.724,11.218,10.958,11.423,11.642,11.643,12.079,12.264,12.547,12.857,12.707,12.198,11.723,11.586,11.454,10.387,10.611,10.974,11.144,11.074,10.983,10.876
ecu,Ecuador,44.457,44.549,44.588,44.966,45.122,45.219,45.645,48.658,45.759,42.918,44.504,45.397,46.143,49.714,49.472,50.397,49.922,49.42,46.743,45.626,45.047,46.243,46.368,45.714,49.561,52.17,53.409,52.088,51.903,44.604,49.921,51.071,50.237,49.444,49.171,49.023
egy,Egypt,17.486,19.051,17.296,17.832,16.585,17.143,16.332,15.828,16.592,15.745,15.896,13.811,14.496,14.479,15.424,16.202,19.061,17.795,17.831,18.102,17.508,17.129,17.468,17.626,17.183,17.649,17.121,14.486,12.479,12.033,13.107,12.448,12.51,12.356,12.232,12.119
eri,Eritrea,69.844,69.675,69.509,69.287,69.402,69.414,69.242,69.096,68.982,68.941,68.719,68.659,68.691,68.79,68.732,68.722,68.659,68.752,68.625,68.467,68.401,68.417,68.545,68.295,68.334,68.211,68.222,68.095,67.907,66.627,67.036,67.736,67.828,67.813,67.829,67.854
esp,Spain,25.638,25.747,24.949,24.826,25.529,26.257,27.398,28.182,30.174,32.377,33.5,35.162,36.568,38.02,40.637,42.192,43.348,43.521,41.766,41.252,40.883,39.653,38.738,39.245,40.224,41.257,42.327,43.036,43.708,42.038,43.625,44.797,45.507,45.714,45.715,45.447
est,Estonia,57.387,53.844,51.074,50.325,48.948,48.576,49.094,48.225,46.657,46.471,45.106,46.602,46.847,48.502,49.817,51.604,51.991,51.97,49.08,47.31,49.178,50.341,50.828,50.824,52.221,52.827,54.018,54.271,54.516,53.264,54.574,57.095,56.997,55.703,55.465,55.322
eth,Ethiopia,72.257,72.156,72.237,72.311,72.189,71.928,71.671,71.295,70.932,71.129,71.433,71.549,71.622,71.852,72.124,72.218,72.18,72.154,72.12,72.114,72.103,72.088,72.061,69.946,67.861,65.758,63.663,61.544,59.449,56.075,54.514,54.788,54.683,54.59,54.523,54.471
fin,Finland,54.496,50.755,47.451,46.581,45.811,46.069,46.534,47.58,49.312,49.783,51.118,51.876,51.904,51.484,52.544,53.008,53.207,53.535,52.557,51.603,51.784,51.925,51.391,50.9,50.508,50.263,50.412,51.624,52.241,51.046,51.988,53.621,53.802,53.145,53.552,53.544
fji,Fiji,37.414,37.324,37.276,37.26,37.206,37.17,36.734,36.334,35.965,35.575,35.188,34.764,34.389,34.016,33.168,34.865,36.549,38.293,40.044,41.841,43.631,42.208,40.797,39.413,37.899,36.375,36.368,36.369,36.372,35.851,36.033,36.395,36.458,36.368,36.286,36.21
fra,France,41.055,40.831,40.958,40.585,41.054,41.165,40.848,41.278,41.708,42.612,43.242,43.777,45.215,44.684,45.201,45.368,46.269,46.723,46.286,46.154,46.043,46.093,46.302,45.908,45.924,45.822,45.881,46.211,46.389,46.071,47.581,48.169,48.092,47.885,47.674,47.525
gab,Gabon,31.321,31.23,31.196,30.959,30.863,30.688,30.536,30.367,30.165,29.952,29.806,29.87,29.851,29.763,29.747,29.419,29.231,28.893,28.719,28.441,28.859,29.167,29.316,29.431,29.556,29.609,29.634,29.651,29.743,27.328,27.875,29.713,29.772,29.765,29.712,29.641
gbr,UK,48.002,47.973,47.863,48.06,48.262,48.962,49.613,49.892,50.517,51.05,51.33,51.783,51.91,52.247,52.446,52.58,52.338,52.568,51.969,51.625,51.508,51.639,52.227,53.095,53.673,54.359,54.774,55.188,56.029,55.825,55.336,55.64,55.266,55.126,55.147,55.056
geo,Georgia,56.332,55.449,56.121,55.187,55.161,51.968,51.103,49.135,51.252,49.497,52.143,49.985,51.096,50.345,49.009,47.547,48.156,44.774,44.318,46.097,46.474,46.853,47.398,49.127,50.863,50.73,49.619,49.469,49.149,49.553,47.471,49.299,49.452,49.427,49.325,49.169
gha,Ghana,73.785,71.793,71.037,70.183,69.392,68.585,67.817,67.038,65.212,64.831,65.024,65.242,65.496,65.727,65.929,66.104,65.456,64.907,64.249,63.708,64.061,64.349,64.539,62.687,60.775,61.272,61.946,61.587,61.214,60.058,59.994,59.701,59.712,59.467,59.278,59.128
gin,Guinea,60.988,60.951,60.936,60.928,60.924,60.894,60.836,60.745,60.702,60.616,60.536,60.515,59.323,58.122,56.903,55.712,54.587,53.399,52.149,50.899,49.704,48.597,47.36,46.105,44.845,43.729,42.605,41.421,40.131,39.383,39.575,39.902,39.866,39.436,39.098,38.822
gmb,Gambia,39.39,39.305,39.268,39.108,38.988,38.948,39.11,39.181,39.372,39.462,39.596,39.191,39.338,39.488,39.33,39.049,38.951,39.231,39.487,39.626,38.938,38.965,39.635,40.354,41.102,41.798,42.65,43.533,43.432,42.853,42.695,42.724,42.629,42.594,42.584,42.553
gnb,Guinea-Bissau,54.179,54.169,54.152,54.143,54.168,54.232,54.268,54.107,54.067,54.084,54.289,54.3,54.292,54.316,54.363,54.385,54.402,54.413,54.44,54.472,54.524,54.522,54.543,54.536,54.623,54.691,54.781,54.829,55.378,54.755,55.138,55.383,55.459,55.418,55.375,55.331
gnq,Equatorial Guinea,48.647,48.63,48.637,48.631,48.644,48.627,48.614,48.584,48.536,48.487,48.25,48.07,47.873,47.741,47.58,47.527,47.496,47.51,47.492,47.521,47.719,47.993,48.31,48.567,48.714,48.87,48.987,49.078,49.003,45.845,46.361,48.308,48.028,48.078,47.841,47.699
grc,Greece,28.856,29.853,29.442,30.251,30.83,31.327,31.433,31.955,32.199,32.602,32.388,33.042,33.751,34.273,34.775,35.866,36.108,36.802,36.922,36.125,33.723,30.979,29.508,30.25,31.263,31.738,32.44,32.951,34.287,34.489,35.108,37.146,38.29,38.713,38.875,38.66
gtm,Guatemala,38.306,38.556,38.735,38.91,39.157,39.219,39.445,39.733,39.944,40.086,40.076,40.29,40.397,40.622,40.495,40.456,40.431,40.346,40.158,40.001,38.605,43.426,38.232,38.623,37.07,38.147,37.287,37.325,36.014,35.007,36.639,38.614,39.195,39.224,39.212,39.185
guy,Guyana,31.558,32.462,33.413,32.985,32.508,32.053,31.572,31.041,30.519,29.968,29.517,29.007,29.681,30.335,30.966,31.667,32.118,32.542,32.908,33.246,33.634,34.015,34.387,34.726,35.054,35.443,35.862,36.352,34.547,33.326,33.708,34.974,34.897,35.524,35.3,35.089
hnd,Honduras,41.472,42.921,43.273,43.046,43.356,42.895,43.647,43.363,43.396,41.714,41.237,40.536,39.41,38.3,38.716,36.751,36.181,37.911,39.153,40.327,37.13,36.305,40.125,41.676,42.367,41.754,42.077,46.715,43.262,40.853,44.297,42.168,36.171,36.021,35.972,35.927
hrv,Croatia,41.409,41.205,40.944,40.793,40.64,40.554,40.316,39.26,38.041,36.71,36.373,36.492,37.193,38.295,39.11,39.66,39.946,40.927,41.594,40.365,38.373,37.295,36.978,37.803,38.807,38.965,39.909,40.973,41.691,41.106,42.018,43.213,44.022,44.349,44.297,44.156
hti,Haiti,51.877,51.904,51.874,51.721,52.057,52.157,52.329,52.176,52.121,51.295,50.749,50.198,49.737,49.181,48.703,48.207,47.969,48.602,49.396,49.692,50.5,50.608,51.259,51.385,51.483,51.503,51.654,51.751,51.417,49.978,50.607,49.768,49.471,49.065,49.123,49.283
hun,Hungary,42.228,41.551,40.705,41.141,41.382,41.179,41.69,41.611,42.558,43.003,43.726,43.913,43.957,43.951,43.345,43.199,43.149,42.874,41.388,41.666,41.697,42.419,42.901,45.019,46.389,48.234,48.724,49.531,49.616,49.079,50.087,51.267,51.701,51.45,51.365,51.368
idn,Indonesia,48.064,48.883,47.927,48.065,47.879,47.689,47.014,47.967,47.65,48.205,46.3,44.278,43.873,42.903,41.455,41.74,44.907,46.305,46.931,47.716,48.152,49.027,48.55,48.673,48.523,48.979,50.133,50.908,52.141,51.195,50.426,50.903,50.925,50.967,50.987,50.992
ind,India,27.977,28.089,28.202,28.367,28.927,29.497,30.045,30.604,31.181,31.753,31.824,31.873,31.979,32.082,32.196,30.946,29.724,28.509,27.352,26.232,25.465,24.696,24.604,24.561,24.55,24.551,24.549,24.53,24.937,24.243,26.229,28.127,29.976,31.367,31.253,31.281
irl,Ireland,35.518,36.464,37.428,38.783,40.886,42.634,43.588,46.246,48.075,49.806,50.625,51.189,51.139,51.325,52.911,53.456,54.161,53.587,50.768,48.944,48.063,47.741,48.368,48.915,49.927,51.314,52.09,52.812,53.573,51.945,54.272,56.461,57.443,57.574,57.653,57.807
irn,Iran,7.366,7.696,7.978,8.295,8.709,9.168,9.62,10.077,10.525,11.038,11.547,12.113,13.363,14.711,15.379,15.051,14.255,12.252,13.009,11.985,10.715,11.924,10.673,10.408,11.543,12.793,13.885,14.035,13.848,11.563,10.979,11.329,11.446,11.352,11.298,11.206
irq,Iraq,8.119,8.155,8.165,8.182,8.182,8.188,8.217,8.503,8.791,9.079,9.366,9.652,9.95,10.3,10.655,11.024,11.375,11.186,10.98,10.784,10.583,10.406,10.595,10.727,11.028,11.406,7.847,7.977,8.099,7.699,7.826,7.705,7.626,7.517,7.468,7.442
isl,Iceland,64.257,63.741,63.571,64.072,66.644,66.296,65.012,66.713,69.189,71.497,70.883,69.78,69.142,68.46,69.09,69.481,69.658,68.776,66.142,65.658,65.629,66.546,67.394,68.381,69.772,70.715,70.555,69.716,69.161,65.626,64.747,68.18,68.185,68.205,68.149,68.07
isr,Israel,39.021,39.762,41.785,44.44,46.117,46.478,45.799,45.567,46.409,47.5,47.276,46.5,46.692,47.14,48.849,49.508,50.651,51.781,51.886,52.896,53.155,55.254,55.528,56.655,56.922,57.473,57.726,58.497,58.286,57.043,56.872,58.92,59.67,60.078,60.298,60.598
ita,Italy,29.884,29.168,28.392,28.028,27.803,28.306,28.415,28.773,29.439,30.14,31.188,31.745,32.406,34.225,33.96,34.562,34.719,35.133,34.449,34.244,34.434,34.711,34.184,34.262,34.391,34.95,35.551,35.937,36.346,35.483,35.644,36.727,37.693,38.041,37.855,37.559
jam,Jamaica,58.23,57.73,57.474,56.974,56.519,55.793,55.189,54.504,53.663,52.938,52.263,51.922,51.616,51.642,51.458,51.239,51.019,50.751,48.855,47.234,47.244,47.074,47.155,48.123,51.822,51.093,52.912,54.255,56.022,53.298,54.691,57.681,57.687,57.504,57.538,57.44
jor,Jordan,7.624,7.937,8.026,8.116,8.112,8.794,8.902,9.009,9.16,9.326,8.964,9.262,8.582,8.5,8.403,8.645,10.641,10.486,11.017,11.295,11.344,11.074,10.058,9.719,10.504,11.427,12.071,11.119,10.402,11.179,10.309,10.181,10.284,10.249,10.253,10.266
jpn,Japan,49.501,49.532,48.914,48.622,48.287,48.259,48.623,48.075,47.31,46.974,46.728,45.977,45.805,46.035,46.249,46.502,46.566,46.496,46.122,46.115,46.095,46.083,46.944,47.52,47.883,48.785,49.681,51.199,52.086,51.747,52.15,52.877,53.574,54.019,54.35,54.693
kaz,Kazakhstan,64.329,64.167,64.016,59.236,56.66,55.079,55.061,55.205,55.172,55.772,57.449,57.891,58.063,57.821,58.307,58.881,59.696,60.728,61.27,62.274,62.98,63.12,63.846,64.162,64.276,64.211,64.321,64.375,64.41,62.955,63.124,63.298,62.967,62.41,61.874,61.301
ken,Kenya,67.919,67.881,67.87,67.938,68.065,68.167,68.187,68.223,68.256,68.311,68.372,68.399,68.488,68.561,68.691,68.793,68.872,68.853,68.865,68.939,69.063,69.137,69.136,69.192,69.255,69.318,66.111,62.842,59.507,57.976,57.869,57.654,57.72,57.579,57.447,57.321
kgz,Kyrgyz Republic,59.935,61.199,62.642,64.804,65.439,64.824,63.97,63.85,63.56,63.064,62.569,62.562,61.927,61.322,61.349,61.048,60.279,59.563,59.322,59.356,58.191,55.181,52.765,52.623,52.745,51.887,49.066,50.031,49.414,50.434,50.291,50.652,50.802,51.084,50.974,50.848
khm,Cambodia,77.147,77.089,77.133,78.5,78.28,78.177,78.536,78.388,78.02,77.247,76.467,75.653,74.858,74.572,74.318,74.057,73.794,71.35,76.943,80.629,81.452,77.975,74.017,73.873,73.082,75.273,76.283,76.719,77.162,76.929,73.404,73.81,73.798,73.731,73.668,73.618
kor,South Korea,46.282,46.193,46.1,46.985,47.634,48.176,48.68,44.464,45.254,47.756,48.504,49.116,47.978,49.081,49.096,49.458,49.434,49.144,48.246,48.355,48.675,49.006,49.385,50.304,50.567,50.708,51.224,51.259,51.847,51.016,51.643,53.361,54.512,54.568,54.454,54.253
kwt,Kuwait,40.152,39.776,40.305,41.662,42.456,42.94,43.038,43.139,43.292,43.435,43.79,43.978,44.365,44.246,44.635,44.748,44.683,44.616,45.161,45.953,46.478,46.891,46.915,46.62,47.326,46.732,46.655,46.437,46.281,42.144,43.6,46.853,45.958,45.681,45.698,45.701
lao,Lao,58.727,58.472,58.316,58.136,57.965,57.864,57.728,57.679,57.545,57.452,57.394,57.297,57.214,57.126,57.027,56.902,56.805,56.704,56.611,56.509,56.19,55.883,55.579,55.29,55.012,54.742,54.483,55.673,56.881,57.551,59.154,60.825,60.83,60.914,60.96,60.99
lbn,Lebanon,16.311,16.526,16.668,16.793,16.919,17.122,17.194,17.348,17.417,17.562,17.732,17.924,18.112,18.352,18.512,18.673,18.856,19.362,19.899,20.38,20.821,21.264,21.73,22.243,22.772,23.346,23.932,24.517,25.091,22.679,23.32,23.468,23.475,,,
lbr,Liberia,69.737,69.77,69.884,69.978,70.019,70.072,70.162,70.219,70.239,70.224,70.192,70.183,70.008,70.005,70.005,70.188,70.205,70.213,70.205,70.191,70.346,70.491,70.577,70.637,70.461,70.273,70.299,70.33,70.362,69.241,69.634,70.4,70.473,70.476,70.489,70.5
lby,Libya,19.853,20.043,20.269,20.473,20.78,21.185,21.502,21.92,22.263,22.625,22.892,23.175,23.548,23.893,24.273,24.52,24.856,25.056,25.245,25.493,25.362,25.411,25.392,25.449,25.301,25.349,25.529,25.577,25.465,24.903,25.105,24.845,24.86,24.701,24.753,24.607
lca,St. Lucia,37.414,37.802,38.039,38.368,39.748,40.878,39.001,38.208,41.563,41.609,41.181,41.116,39.403,41.789,43.589,45.814,47.436,50.471,50.12,49.658,49.176,50.786,48.118,48.532,49.031,49.654,50.194,50.352,53.201,35.565,46.529,51.503,55.347,55.347,55.565,55.553
lka,Sri Lanka,31.612,28.564,29.443,30.139,28.736,29.191,29.466,35.661,32.621,32.165,31.957,31.162,31.003,30.772,30.922,31.41,31.466,31.578,31.188,31.426,31.578,30.637,31.665,31.117,32.7,32.842,33.812,30.799,31.555,29.051,28.917,29.623,28.648,29.048,29.028,29.012
lso,Lesotho,55.198,55.249,55.193,55.196,55.119,55.233,55.213,55.222,55.121,54.56,54.055,53.483,52.919,52.268,51.762,51.151,50.625,50.082,49.305,48.725,48.079,47.679,46.951,45.742,44.519,43.43,42.154,40.885,39.608,38.492,38.58,39.831,39.929,39.758,39.59,39.418
ltu,Lithuania,58.469,57.522,49.532,48.824,46.118,46.115,46.654,47.069,48.504,47.444,45.814,45.502,47.557,45.656,46.317,47.266,47.9,47.629,46.544,44.716,45.897,47.044,47.381,48.904,49.987,51.907,52.654,53.439,54.083,52.952,53.58,54.857,54.224,53.891,53.789,53.656
lux,Luxembourg,35.314,37.288,36.001,36.202,33.987,35.008,36.408,36.544,38.787,40.31,40.932,41.469,41.006,41.669,43.239,43.449,44.625,44.459,45.976,46.313,46.263,48.234,48.091,48.946,50.344,50.086,51.227,51.725,52.014,52.037,53.509,54.297,54.103,53.681,53.411,53.227
lva,Latvia,51.497,49.124,43.988,42.683,42.294,41.29,43.48,44.627,43.182,42.427,43.721,44.555,44.444,44.219,45.362,48.447,49.965,50.962,46.679,44.978,45.614,46.547,47.784,48.059,49.363,50.255,50.839,52.069,52.465,51.898,50.627,52.252,52.424,51.924,51.726,51.597
mar,Morocco,20.511,20.621,20.747,20.95,21.085,21.354,21.394,21.658,21.704,21.916,22.193,21.677,21.784,22.417,22.587,23.29,23.576,23.707,23.503,23.122,22.544,21.933,22.351,22.23,21.825,20.786,20.038,19.794,19.57,18.187,18.227,17.41,17.6,17.481,17.375,17.282
mda,Moldova,55.124,54.42,54.476,53.58,53.795,52.726,52.682,51.867,51.416,52.31,51.501,51.762,53.256,51.942,52.486,55.563,57.716,58.214,58.548,61.324,62.984,64.211,64.606,68.453,68.499,68.268,66.547,65.736,67.567,67.448,70.317,71.053,69.07,69.305,69.54,69.741
mdg,Madagascar,78.61,78.515,78.466,78.625,78.64,78.659,78.774,78.858,78.948,78.996,79.421,78.921,78.837,79.861,81.155,80.84,80.583,80.339,79.859,79.423,81.238,83.17,82.713,82.24,81.749,81.459,81.182,80.925,80.684,79.189,79.565,79.727,79.811,79.861,79.902,79.945
mdv,Maldives,21.035,22.53,24.092,25.708,27.356,29.026,30.726,32.461,34.224,36.013,35.543,35.097,34.679,34.266,33.749,33.193,32.53,31.959,31.174,32.059,32.985,33.982,34.987,36.017,37.084,38.157,38.75,39.212,39.48,38.595,39.544,39.22,39.313,39.361,39.388,39.408
mex,Mexico,32.724,33.526,34.4,34.548,34.278,35.014,37.12,37.316,37.117,37.559,36.939,36.847,37.235,37.985,39.542,40.688,41.009,40.85,40.774,40.72,41.185,42.309,42.274,41.434,41.971,42.271,42.057,42.629,43.971,40,42.793,44.482,45.994,46.073,45.98,45.956
mkd,North Macedonia,31.586,30.377,29.277,27.668,25.073,23.427,24.652,25.537,26.888,26.64,27.982,28.053,27.039,26.431,26.353,26.016,27.367,27.764,28.347,27.045,29.597,29.479,30.907,30.585,31.584,31.562,32.035,32.899,34.934,35.113,34.927,36.924,37.11,36.626,36.657,36.55
mli,Mali,59.58,59.514,59.528,59.475,59.498,59.523,59.535,59.582,59.59,59.577,59.628,59.624,59.672,59.599,59.604,59.562,59.552,59.52,59.493,59.471,59.428,59.349,59.294,59.302,60.403,58.781,57.051,56.994,55.831,48.835,54.994,56.244,56.244,56.134,56.1,56.089
mlt,Malta,25.173,25.588,26.07,26.294,26.471,26.964,27.582,27.739,28.048,27.772,26.952,27.978,27.077,25.425,27.326,27.61,29.495,30.828,30.952,31.803,32.98,35.765,38.069,39.924,40.701,42.15,44.045,47.006,48.399,49.88,51.673,54.012,53.396,53.758,54.011,54.126
mmr,Myanmar,60.206,59.659,59.348,58.964,58.583,58.25,57.965,57.672,57.103,56.409,55.857,55.279,54.635,54.037,53.464,52.934,52.471,52.078,51.696,51.375,51.197,50.972,50.728,50.519,50.338,48.563,46.796,47.967,46.069,43.753,38.978,39.517,39.55,39.444,39.327,39.215
mne,Montenegro,27.958,27.823,27.675,27.526,27.398,27.322,27.223,27.198,26.991,27.026,26.964,27.063,26.947,26.896,26.854,29.897,32.949,34.175,33.116,32.967,33.238,34.082,34.748,36.797,38.138,37.882,37.622,38.636,39.534,35.379,34.865,36.178,36.269,36.122,35.87,35.588
mng,Mongolia,48.63,49.163,49.555,49.806,49.925,50.133,50.256,50.365,50.509,50.661,50.732,50.741,50.562,50.453,50.294,50.175,50.282,50.608,50.237,50.068,51.519,51.896,51.251,51.177,51.16,49.032,49.717,49.231,52.154,51.046,48.406,51.051,51.118,50.639,50.185,49.583
moz,Mozambique,85.444,85.373,85.46,85.509,85.611,85.651,85.689,85.766,85.806,85.766,85.813,85.828,85.91,85.129,84.332,83.566,82.746,81.912,81.007,80.105,79.191,78.271,77.299,76.308,75.276,75.269,75.224,75.19,75.172,74.292,74.294,75.2,75.261,75.16,75.055,74.941
mrt,Mauritania,22.223,22.461,22.785,23.016,23.354,23.633,23.906,24.13,24.396,24.683,24.574,24.496,24.526,24.508,24.5,24.519,24.394,24.245,24.014,23.98,23.95,23.923,23.801,23.652,23.508,23.332,23.191,22.73,22.294,21.887,22.013,22.242,22.225,22.192,22.157,22.111
mus,Mauritius,33.16,33.241,33.281,33.369,33.427,33.572,33.735,33.886,33.948,34.073,31.996,33.398,35.946,34.402,34.396,34.98,34.608,36.149,36.708,37.79,37.583,37.951,39.908,40.288,41.38,40.645,41.087,41.226,41.876,39.023,37.443,39.268,39.482,39.41,39.289,39.168
mwi,Malawi,73.731,73.56,73.588,73.257,73.622,73.577,73.776,73.577,73.512,73.492,73.362,73.349,73.427,73.599,73.626,72.284,70.957,69.568,68.105,66.5,64.841,63.935,63.084,62.252,61.412,60.515,59.627,59.731,59.863,58.925,59.231,59.729,59.707,59.418,59.19,59
mys,Malaysia,43.217,43.237,43.062,43.375,43.731,44.385,44.398,44.09,44.191,44.392,43.947,43.87,43.846,43.695,43.652,43.73,43.683,43.574,43.409,43.584,43.788,45.507,47.05,48.841,49.099,48.973,49.315,49.742,50.017,48.978,48.93,49.482,49.485,49.536,49.532,49.512
nam,Namibia,39.26,38.997,38.558,38.052,36.822,35.802,34.749,35.498,36.271,37.028,36.871,36.785,36.674,36.838,37.287,37.875,38.205,38.728,39.065,39.609,41.277,43.006,46.444,45.544,43.633,41.611,43.286,45.097,45.036,43.74,44.264,45.177,45.366,45.504,45.651,45.759
ner,Niger,68.234,68.229,68.228,68.231,68.221,68.204,68.18,68.2,68.172,68.129,68.085,67.783,67.492,67.085,66.795,67.105,67.386,67.636,67.861,68.141,68.385,64.302,63.051,61.809,61.482,61.17,60.853,60.546,60.233,59.666,59.709,60.161,60.227,60.066,59.887,59.725
nga,Nigeria,75.041,75.028,74.946,74.999,74.985,75.028,75.074,75.099,75.086,75.061,75.035,74.978,74.916,74.834,74.67,74.596,74.499,74.433,74.367,74.298,74.239,74.321,74.395,74.181,73.992,73.779,73.551,73.367,73.246,72.417,71.967,72.92,77.446,77.484,77.411,77.3
nic,Nicaragua,30.245,30.22,30.114,30.352,30.817,31.196,31.451,31.675,32.44,33.207,33.966,34.639,35.391,36.1,37.792,38.948,39.731,39.724,39.602,40.57,41.981,43.504,44.487,45.243,45.73,46.681,47.457,46.232,45.811,45.109,46.116,47.024,47.553,47.723,47.852,47.945
nld,Netherlands,50.473,52.135,52.363,52.241,51.827,52.448,53.364,54.528,55.645,57.071,58.203,58.308,57.871,56.955,55.593,56.228,56.94,57.626,57.302,57.044,57.337,57.333,56.622,55.631,56.342,56.851,57.661,58.675,59.528,59.261,59.023,60.06,60.58,60.526,60.449,60.278
nor,Norway,51.224,51.545,52.071,53.119,52.753,54.359,55.433,56.912,58.352,58.924,59.067,59.299,59.673,60.098,60.05,61.212,62.211,62.337,62.048,61.312,61.286,61.283,60.95,60.527,60.176,60.089,59.594,59.652,59.896,59.443,59.124,59.707,59.634,59.438,59.598,59.484
npl,Nepal,18.247,18.334,18.378,18.38,18.353,18.343,18.362,18.455,18.583,18.744,18.942,19.112,19.301,19.528,19.807,20.088,20.393,20.787,21.231,21.721,22.197,22.64,23.001,23.38,23.75,24.022,24.207,24.326,24.316,23.344,23.565,24.101,24.198,24.259,24.332,24.392
nzl,New Zealand,48.423,48.187,48.516,50.17,51.607,52.982,52.534,52.018,52.835,53.33,54.505,55.116,55.619,56.435,57.603,58.108,58.723,58.83,57.74,57.133,57.691,57.44,57.944,58.978,59.142,60.512,61.525,62.289,62.427,61.468,63.045,64.029,64.278,63.53,63.472,63.427
omn,Oman,20.85,20.936,21.147,21.251,21.262,21.347,21.436,21.576,21.773,21.851,21.992,22.256,22.493,22.604,22.786,23.056,23.329,23.684,23.928,24.19,24.384,24.676,25.111,25.565,25.961,26.366,27.336,28.034,27.609,25.679,27.686,27.121,27.187,27.153,27.111,27.101
pak,Pakistan,13.724,13.751,14.129,14.429,12.512,13.662,14.887,15.194,15.633,16.076,16.116,16.17,16.938,17.719,18.289,18.886,19.261,19.745,20.905,21.895,22.08,21.659,22.01,22.524,22.509,22.532,21.54,20.589,21.784,21.742,22.128,22.353,22.438,22.481,22.507,22.538
pan,Panama,34.251,35.216,36.087,36.824,37.721,38.16,38.661,40.452,40.327,41.056,41.745,42.495,42.969,43.417,44.13,43.175,43.999,44.983,43.388,44.675,44.032,46.398,47.799,47.814,48.744,49.125,48.661,50.89,51.882,44.697,43.736,47.062,48.192,48.204,48.162,48.142
per,Peru,41.524,41.171,42.547,43.942,46.738,49.074,51.557,52.16,54.732,50.842,55.585,57.095,58.991,59.604,61.078,64.251,66.859,67.017,67.6,69.013,68.486,68.273,67.424,66.944,65.392,65.029,66.673,67.141,67.427,55.678,61.245,63.715,61.309,61.452,61.549,61.588
phl,Philippines,45.522,45.515,45.508,45.51,45.498,45.442,45.377,45.389,45.323,45.252,45.257,45.258,45.227,44.896,45.457,45.541,45.838,45.179,45.89,46.297,47.062,46.651,46.491,47.292,47.104,46.819,43.828,44.315,45.388,41.516,42.514,48.939,49.11,48.721,48.369,48.01
png,Papua New Guinea,70.01,69.685,69.265,69.173,69.364,69.166,69.41,69.713,69.751,70.021,68.012,65.889,63.722,61.475,59.18,56.82,54.425,51.965,49.516,47.065,47.323,47.527,47.737,47.757,47.921,48.111,48.306,48.603,48.799,48.525,49.116,49.537,49.548,49.534,49.503,49.459
pol,Poland,45.451,45.255,44.305,43.849,43.657,43.563,43.331,43.68,42.703,41.569,39.967,38.355,38.112,37.994,38.597,39.625,41.487,42.916,43.255,43.46,43.359,43.485,43.428,44.554,45.382,46.139,46.918,47.543,47.421,47.32,48.913,49.709,50.421,50.236,49.808,49.487
prk,North Korea,74.658,74.94,75.072,75.11,75.306,75.455,75.679,75.615,75.266,75.282,75.131,75.139,75.063,75.028,74.941,75.049,75.112,75.103,75.173,75.254,75.163,75.156,75.114,75.141,75.168,74.965,75.152,75.432,75.427,74.073,74.231,75.428,75.397,75.382,75.361,75.312
prt,Portugal,47.305,46.276,45.736,45.326,45.255,45.346,46.685,48.945,49.632,50.235,50.831,51.208,50.809,50.383,50.498,50.573,50.612,50.905,49.98,49.211,47.506,46.222,45.291,46.077,46.843,47.43,48.882,50.274,50.625,49.37,49.665,50.657,51.112,50.909,50.823,50.604
pry,Paraguay,48.826,49.174,49.027,49.69,50.19,47.631,48.916,49.675,48.854,47.066,47.882,45.604,47.213,52.115,52.166,47.588,50.418,50.542,51.458,49.828,50.97,56.606,54.811,50.683,52.116,52.675,53.337,54.944,55.251,51.41,54.13,54.119,54.663,54.446,54.504,54.599
pse,Palestine,11.087,11.099,11.107,11.117,11.147,11.161,11.237,11.326,11.41,11.405,9.028,8.772,10.604,10.951,10.647,11.737,12.851,11.83,11.649,11.007,12.127,11.974,11.504,12.243,11.857,10.86,10.16,10.318,10.872,9.892,10.087,11.361,,,,
qat,Qatar,46.606,46.315,46.757,46.959,47.233,47.22,45.704,45.447,45.793,45.917,46.284,46.38,46.736,45.569,45.562,45.653,48.072,48.356,48.224,49.409,50.738,51.478,52.489,54.007,55.499,56.382,57.209,58.105,58.848,59.147,60.316,63.299,63.018,63.061,63.187,63.333
rou,Romania,38.374,38.516,38.377,38.193,38.173,38.709,39.527,39.927,40.083,39.82,39.962,39.259,39.804,39.887,39.736,39.959,40.409,41.017,36.833,39.512,39.39,39.444,39.283,39.677,40.184,40.174,41.563,41.556,41.604,40.793,40.605,40.988,39.858,39.754,39.706,39.668
rus,Russia,55.966,55.052,52.749,49.794,48.713,47.896,45.847,44.483,47.518,49.042,48.955,50.224,49.852,50.634,51.352,51.878,52.985,52.814,52.034,52.224,52.921,53.433,53.124,53.179,52.633,52.728,52.543,52.792,52.434,51.617,52.501,53.109,53.439,53.185,52.319,51.578
rwa,Rwanda,45.703,45.858,45.898,45.869,46.167,46.449,46.732,46.79,46.82,46.954,47.124,47.42,47.402,47.436,47.4,47.537,47.544,47.58,47.544,47.569,47.55,47.634,47.631,47.644,47.697,47.777,47.804,48.007,45.607,49.344,43.407,45.609,49.706,49.799,49.759,49.593
sau,Saudi Arabia,14.163,14.229,14.404,14.57,14.75,14.947,15.135,15.333,15.508,14.865,14.481,13.955,14.112,14.315,14.565,14.87,14.521,14.305,13.609,14.324,15.009,15.286,15.157,15.163,16.137,17.301,15.154,16.828,18.691,22.065,27.852,28.348,29.908,30.105,30.286,30.452
sdn,Sudan,18.65,19.313,20.088,20.774,21.526,22.315,22.215,21.978,21.73,21.415,21.204,21,20.774,20.546,20.333,20.124,19.915,19.692,20.354,20.12,19.806,19.116,18.485,17.921,17.439,16.779,16.107,15.43,14.683,13.428,12.625,12.427,,,,
sen,Senegal,31.447,31.494,31.58,31.635,31.741,31.823,31.922,31.999,32.096,32.165,32.216,32.233,32.29,32.319,32.371,32.367,32.406,32.461,32.53,32.609,32.673,32.381,32.061,31.82,31.566,36.882,34.145,35.151,36.171,35.568,36.05,35.89,35.864,35.884,35.941,35.913
sgp,Singapore,44.639,44.995,45.769,46.646,47.661,48.204,49.567,49.005,48.968,50.319,50.508,48.52,49.026,49.372,50.456,52.333,51.312,53.607,51.984,54.604,55.287,56.067,56.026,57.352,58.867,58.564,58.112,58.553,59.768,59.015,61.182,60.511,59.676,60.213,60.609,60.916
slb,Solomon Islands,80.405,80.095,80.072,79.898,79.618,79.692,79.815,79.842,80.014,80.636,80.991,81.213,81.392,81.432,81.415,81.398,81.391,81.326,81.382,81.458,81.527,81.748,81.847,81.857,81.853,81.7,81.625,81.554,81.529,80.7,81.052,81.118,81.181,81.182,81.17,81.143
sle,Sierra Leone,62.895,62.782,62.746,62.698,62.719,62.693,62.65,62.666,62.613,62.638,62.59,62.7,62.711,64.402,63.334,62.307,61.297,60.279,59.246,58.207,57.17,56.18,55.197,54.144,53.085,52.119,51.196,50.316,50.445,49.895,50.215,50.463,50.455,50.14,49.867,49.631
slv,El Salvador,38.267,38.614,40.484,42.022,40.601,39.168,39.627,42.935,43.468,43.724,42.82,43.387,44.663,42.796,43.052,44.131,44.389,44.407,43.763,44.055,43.98,44.916,45.826,44.611,43.526,44.049,43.347,43.244,43.967,41.039,43.064,44.509,45.051,45.213,45.328,45.385
som,Somalia,15.928,15.981,16.022,15.849,15.869,15.859,15.928,15.923,15.895,15.917,15.865,15.837,15.805,15.786,15.72,15.637,15.582,15.567,15.576,15.595,15.665,15.73,15.777,15.832,15.917,15.938,15.978,15.952,15.952,15.691,15.655,15.774,15.798,15.82,15.843,15.871
srb,Serbia,40.467,40.229,40.023,39.7,39.319,39.189,38.707,38.514,38.808,39.282,39.045,38.542,38.071,34.849,33.187,33.663,35.784,37.626,35.454,33.356,31.804,31.53,32.813,34.793,35.181,37.99,39.499,40.034,41.575,41.818,44.175,46.078,45.629,46.006,46.179,46.192
ssd,South Sudan,61.646,61.605,61.719,61.626,61.608,61.606,61.82,61.837,61.843,61.693,61.706,61.701,61.659,61.655,61.712,61.793,61.889,61.954,61.906,61.999,62.026,61.88,62.019,61.982,61.946,61.462,61.112,61.266,61.705,59.992,60.527,61.574,61.587,,,
stp,Sao Tome and Principe,18.147,18.101,18.156,18.195,18.256,18.322,18.384,18.493,18.627,18.746,17.462,17.247,17.401,17.717,17.494,17.489,17.746,17.989,18.148,18.391,18.62,18.901,19.301,19.699,20.067,20.48,20.91,21.03,21.117,20.421,20.648,21.054,20.992,20.949,20.942,20.961
sur,Suriname,25.186,25.122,24.774,27.576,28.845,27.044,27.281,27.065,26.038,26.824,27.734,28.704,29.691,30.714,31.401,32.056,32.666,33.321,33.933,35.393,36.092,36.768,38.081,38.354,39.277,40.088,40.251,40.862,41.026,38.28,39.039,39.369,39.872,40.036,40.174,40.291
svk,Slovak Republic,52.644,50.673,48.594,44.118,44.396,45.656,45.163,44.758,43.447,42.91,43.115,42.776,43.504,42.385,42.344,43.086,43.943,45.201,43.628,43.174,43.304,43.289,43.584,45.273,45.231,46.852,48.199,48.565,49.062,48.118,50.721,52.137,52.415,52.431,52.102,51.705
svn,Slovenia,48.837,48.655,48.469,48.129,48.038,48.016,49.199,49.327,48.308,47.899,48.057,48.675,46.898,49.452,49.099,49.391,50.391,51.045,50.408,49.413,48.073,47.418,46.265,46.991,47.031,47.638,49.534,50.657,50.736,50.115,50.624,51.548,51.544,51.351,51.101,50.764
swe,Sweden,60.314,57.983,54.825,53.783,54.366,54.006,52.921,52.754,54.374,55.201,56.002,56.002,55.849,54.852,54.548,54.934,55.846,55.908,54.621,53.963,54.918,55.124,55.396,55.654,56.165,56.715,57.127,57.462,57.079,55.601,55.412,56.376,56.905,56.33,56.501,56.389
swz,Eswatini,34.556,34.442,34.143,34.059,34.025,33.496,33.009,32.836,32.698,32.547,32.378,32.267,32.16,32.053,31.911,31.774,31.611,31.95,32.313,32.766,33.261,33.796,34.239,34.662,35.058,35.461,34.393,33.326,32.31,29.604,29.331,28.335,28.415,28.608,28.809,28.946
syr,Syria,16.798,17.658,18.47,17.722,17.618,16.324,15.125,14.036,15.804,16.738,15.116,15.1,15.061,13.946,12.868,11.824,10.597,10.357,10.302,10.129,11.765,10.036,9.556,9.281,9.295,9.448,9.623,9.843,10.131,9.712,9.792,10.086,10.093,10.051,10.042,10.043
tcd,Chad,64.395,64.421,64.287,63.688,63.067,62.464,61.843,61.225,60.595,59.957,59.327,58.696,58.066,57.435,56.793,56.133,55.453,54.781,54.126,53.478,52.813,52.156,51.482,50.826,50.155,49.475,48.797,48.132,48.164,47.562,47.706,48.391,48.345,48.087,47.939,47.824
tgo,Togo,52.469,52.456,52.38,52.582,52.741,52.987,53.061,53.074,53.106,53.047,53.123,53.173,53.272,53.297,53.26,53.267,53.567,53.911,54.191,54.463,54.703,54.696,54.698,54.71,54.727,54.46,54.195,54.508,54.833,54.174,54.388,54.846,54.941,54.929,54.904,54.877
tha,Thailand,63.716,64.844,64.472,64.487,65.74,66.879,67.213,64.214,63.367,64.157,63.716,64.117,64.109,63.953,64.47,63.575,64.115,64.187,63.721,63.289,65.361,64.725,61.633,61.101,60.698,59.741,58.85,59.126,58.469,58.464,58.441,58.946,58.806,58.416,57.978,57.534
tjk,Tajikistan,30.567,30.576,30.381,30.187,30.094,29.865,29.814,29.765,29.944,30.136,30.33,30.37,30.479,30.795,30.416,30.018,29.566,27.744,26.267,26.692,27.127,27.583,28.006,28.42,28.831,29.255,28.883,28.504,28.15,27.72,28.142,28.311,28.422,28.41,28.282,28.129
tkm,Turkmenistan,50.908,51.958,52.031,52.485,52.062,51.083,51.874,51.087,49.95,50.013,50.079,50.369,50.5,50.532,50.146,49.898,49.676,49.336,49.388,49.02,48.575,48.301,48.083,47.887,47.789,47.705,47.625,47.563,47.51,46.099,46.472,47.512,47.472,47.37,47.249,47.125
tls,Timor-Leste,62.676,62.993,63.221,63.488,63.458,63.332,63.188,62.997,62.739,62.432,61.656,61.809,61.772,61.549,61.422,61.604,61.12,60.555,60.07,59.568,59.423,59.392,59.425,59.411,59.465,57.438,58.026,58.579,58.436,58.265,58.427,60.164,59.969,59.973,60.058,60.192
ton,Tonga,37.727,39.984,42.323,44.357,43.996,43.521,43.058,42.626,42.281,41.903,41.567,41.251,40.959,41.661,42.423,43.227,43.078,42.988,42.852,42.699,42.536,42.421,42.248,42.043,41.856,41.704,41.499,41.271,41.324,40.566,41.252,40.867,40.763,40.572,40.365,40.164
tto,Trinidad and Tobago,33.264,33.908,34.125,35.309,36.724,38.259,39.122,39.496,40.417,41.105,41.821,42.168,44.161,47.188,49.008,50.588,49.665,51.209,49.673,49.766,48.948,50.475,51.242,51.826,50.437,50.279,49.795,49.371,48.969,46.948,46.308,47.525,47.603,47.104,46.807,46.4
tun,Tunisia,18.522,18.859,18.903,19.053,19.171,19.432,19.681,19.749,19.784,19.869,19.98,19.931,19.821,19.807,20.103,20.776,20.854,20.855,20.113,20.084,17.969,19.01,19.58,20.182,20.275,20.384,20.473,21.147,21.126,20.447,21.293,21.973,21.304,20.823,20.707,20.658
tur,Turkey,31.573,30.058,24.157,28.625,28.543,28.643,26.476,27.191,27.652,24.848,25.064,25.23,23.864,20.596,20.528,20.823,20.875,21.508,22.163,23.878,25.406,26.193,26.99,26.579,27.438,27.93,28.806,29.375,28.63,26.213,27.952,30.302,31.215,32.174,32.474,32.739
tza,Tanzania,80.485,80.496,80.415,80.574,80.85,81.083,81.26,81.389,81.521,81.673,81.851,82.183,82.504,82.793,83.032,83.235,83.003,82.712,82.417,80.889,79.423,78.726,78.029,77.926,77.883,77.809,77.731,77.634,77.525,73.239,77.325,77.375,77.395,77.365,77.348,77.344
uga,Uganda,68.167,68.135,68.22,68.306,68.56,68.634,68.657,68.527,68.485,68.437,68.416,68.358,68.161,68.98,69.721,69.276,68.816,68.371,67.793,67.665,74.646,78.105,80.311,73.457,70.788,67.863,64.596,68.09,71.196,71.401,71.55,73.927,73.88,73.787,73.733,73.802
ukr,Ukraine,52.602,52.533,52.419,52.355,50.597,49.296,48.643,47.325,46.983,46.997,47.259,47.664,48.147,48.321,49.044,49.116,49.528,49.206,48.279,48.264,48.07,47.906,47.758,46.82,46.282,46.207,45.938,45.818,45.349,43.738,42.893,,,,,
ury,Uruguay,38.375,39.108,38.627,39.595,40.225,39.709,40.927,43.177,41.797,41.199,41.062,39.172,39.039,40.918,42.248,44.276,46.647,48.482,49.393,49.719,52.247,51.808,50.782,52.147,51.318,51.019,50.748,50.317,50.236,47.642,49.935,50.619,51.872,51.735,51.66,51.654
usa,USA,52.326,52.359,52.698,53.875,54.31,54.691,55.436,55.687,56.009,56.275,55.799,55.078,54.93,54.818,55.082,55.47,55.472,55.137,53.384,52.569,52.18,52.299,52.379,52.793,53.043,53.411,53.966,54.304,54.816,51.05,52.733,54.005,54.649,54.311,54.062,53.971
uzb,Uzbekistan,44.216,45.354,43.961,43.173,43.301,41.44,41.176,39.497,39.43,40.071,40.634,41.16,41.616,41.714,41.794,41.774,41.556,40.925,40.325,39.788,40.151,39.808,39.433,38.988,38.595,38.339,37.939,37.541,37.139,36.078,36.708,36.973,37.014,36.795,36.544,36.29
vct,St. Vincent and the Grenadines,34.275,35.203,35.827,35.944,36.849,37.139,37.846,38.318,38.816,39.11,39.441,40.209,41.175,41.868,42.278,43.137,43.678,43.934,43.695,43.189,43.209,43.493,44.03,44.282,44.648,45.132,45.361,45.708,45.724,44.017,44.565,45.768,46.46,46.814,47.037,47.119
ven,Venezuela,44.471,46.01,46.341,43.919,42.427,41.729,42.13,42.478,40.239,40.977,41.716,38.8,37.047,39.085,43.7,45.327,45.925,46.642,47.022,46.153,46.067,45.974,44.86,44.988,45.1,45.276,43.533,42.147,39.647,36.69,37.098,35.292,35.737,35.438,35.189,34.944
vnm,Vietnam,73.254,73.086,72.972,72.828,72.621,72.419,70.766,70.353,69.544,68.542,69.221,69.233,68.535,68.404,68.808,69.255,69.762,70.29,70.772,70.958,71.066,71.31,72.075,72.249,71.62,71.298,71.34,72.147,70.368,67.404,67.477,68.877,68.483,68.238,68.037,67.624
vut,Vanuatu,66.14,66.168,65.932,65.851,65.88,65.942,65.728,65.791,65.824,65.727,65.856,66.042,65.925,66.102,66.306,66.19,64.19,61.849,59.075,54.841,54.292,53.748,53.221,52.706,52.183,51.727,51.261,50.79,50.267,51.242,51.129,50.507,50.551,50.33,50.139,49.982
wsm,Samoa,42.29,42.101,41.793,41.788,41.406,41.044,40.982,40.816,40.623,40.359,40.018,39.859,39.702,39.573,39.402,39.295,39.2,39.032,38.964,38.829,38.702,37.268,37.281,37.303,36.662,36.018,35.376,34.216,32.995,31.314,30.173,28.72,28.671,28.399,28.036,27.634
yem,Yemen,15.692,15.863,15.878,16.02,16.736,17.479,18.238,19.02,19.824,18.352,16.961,15.663,14.44,13.306,12.256,11.271,10.351,9.489,8.694,7.965,6.847,5.914,5.104,4.438,3.654,3.584,3.542,3.586,3.594,3.543,3.51,3.494,3.484,3.459,3.444,3.463
zaf,South Africa,36.769,36.703,36.685,36.92,37.425,37.816,38.027,38.027,38.064,38.229,38.42,38.58,38.652,38.81,38.94,39.091,39.174,39.151,38.229,34.376,36.272,36,36.611,36.166,36.993,36.33,37.028,36.693,36.186,33.604,31.625,32.881,34.652,34.221,33.919,33.612
zmb,Zambia,40.015,40.311,40.862,41.479,42.486,43.338,44.643,45.588,45.593,45.642,45.38,45.009,44.687,44.327,43.973,45.174,46.401,47.645,46.305,44.969,46.3,47.678,47.99,48.37,48.729,49.138,49.565,49.49,49.438,50.835,51.041,50.569,50.584,50.487,50.469,50.456
zwe,Zimbabwe,57.957,57.911,57.905,58.045,57.798,57.585,57.307,57.629,57.865,57.996,58.12,58.165,58.136,58.129,57.907,57.754,57.544,57.232,57.074,56.977,56.938,57.132,57.215,57.352,57.094,56.916,56.782,56.661,56.472,54.467,54.194,53.457,54.411,54.498,54.564,54.574
